provinsi;I-01_P1;I-02_P1;I-03_P1;I-04_P1;I-05_P1;I-06_P1;I-07_P1;I-08_P1;I-09_P1;I-10_P1;I-11_P1;I-12_P1;I-13_P1;I-14_P1;I-15_P1;I-16_P1;I-17_P1;I-18_P1;I-19_P1;I-20_P1;I-21_P1;I-22_P1;I-23_P1;I-24_P1;I-25_P1;I-26_P1;I-27_P1;I-28_P1;I-29_P1;I-30_P1;I-31_P1;I-32_P1;I-33_P1;I-34_P1;I-35_P1;I-36_P1;I-37_P1;I-38_P1;I-39_P1;I-40_P1;I-41_P1;I-42_P1;I-43_P1;I-44_P1;I-45_P1;I-46_P1;I-47_P1;I-48_P1;I-49_P1;I-50_P1;I-51_P1;I-52_P1
Aceh;5870077.53234134;5883898.869499674;10247247.968196305;4150957.82701328;726496.8213230316;1999586.6101917743;6732957.205807153;2173681.3618343133;285164.8057371937;215655.1246571382;3408478.739480906;0.0;3681767.2825453714;48154.68415020447;651347.6675276945;23346.28355415776;365449.24148931785;82412.56653196028;1475274.9529077224;111570.01052497135;911459.8374751445;7230.916919466473;768401.2975421367;35118.883734763134;28664.006265775257;368637.12970036373;607337.8019001203;536749.3586124295;53013.46199820213;282307.8735285343;13119195.012468794;2483962.4204132603;17040924.753753975;0.0;3444492.9514483353;336640.10054384335;68742.92227935191;995669.6848042454;402782.70586559357;273752.4521433125;2880711.82187252;3375741.2088532746;2638680.947937958;84162.91594771361;131562.29086281487;30754.64162896842;7387446.602241825;1608122.7440250232;13346851.322275043;7676180.886242593;2927881.291598015;2567823.679888187
Bali;2902450.754464307;4492158.58525824;1941340.5750630149;6474587.007914361;321127.85397324845;265886.30394380057;2174716.7885602354;0.0;0.0;0.0;2048630.5881746158;0.0;3097916.342918929;19038.040914590307;1324070.5794594812;488788.779353053;1680046.0203975057;381768.1083840912;100321.10897341435;54096.027962803186;827061.558374046;0.0;298527.29347478796;6911.91429903019;13326.128872456959;663232.0234113222;2851340.0035686977;484949.13990327343;7805.079258823545;546899.8598486314;16128279.036371833;5404113.465045435;14333350.565645674;0.0;3407886.932123481;198385.06470083143;1168116.4169127122;11515774.336194972;2365135.1287401537;26989285.894933693;15760616.883821066;9959171.186912509;8363506.133335819;804905.3309849361;688951.2858376333;469615.6379977302;10986570.572431264;4727693.893573963;6424449.757034956;8193062.610840749;4015475.9304186674;7455167.060246705
Banten;6031612.9663001085;2328979.7611279045;2096852.161745386;9658601.528791262;233224.02684421785;157964.59054364363;3045649.700917044;114636.86319625436;135569.17181593535;359042.3722858495;4232234.214183352;937659.4729673277;25740789.597368788;0.0;17437771.075315658;18002339.383799914;728584.7145253377;11706017.44291151;36083489.350617126;19860893.435529005;9708243.20480035;16272947.02349862;29798526.88539814;3295362.2711159764;8721706.195799328;2235297.623631218;2895244.4107045196;8706619.438705169;4976531.598086985;689348.7423001769;54193534.9306394;12643865.025995811;56784489.085641555;272056.1026788112;17397223.884850174;85003.86711164637;2092844.8952327059;50286450.765819155;9341935.055421976;840047.3981402082;18953706.92382733;22150042.011676706;11860190.85795393;3327229.713703883;593073.8873828759;612246.6103292162;46728956.63607881;10916285.098676337;9104339.962854624;14849881.704200977;5693161.18075604;8316473.183278353
Bengkulu;1263631.5492782127;3812816.086567439;5920618.924061912;560958.8944088556;298748.4375742007;140070.0819349434;2799166.840616278;0.0;1227930.0135734212;24298.76614282873;1143160.572927455;0.0;3872510.1917328592;0.0;25918.48092761488;33477.217133584105;52879.100067691485;20927.17639945979;266.7831458624669;358735.04724357097;51031.09365109346;7878.358744063611;145060.60548889413;0.0;7249.904901204726;390730.8662142162;115681.41598930489;108276.5229482836;2521.11114151824;92678.73264131813;3735413.764535753;1303231.0576782878;6020440.062188301;0.0;1668098.8990772632;378305.33729396807;52480.182084361666;802137.1306555787;166742.2993810039;125189.71345751236;1067497.7899386187;1758024.0186356653;2146593.044463805;81380.4054576676;278174.24572909786;2965.3540477846636;2044150.5421089449;1195540.916296876;4483015.971388369;2714724.563705466;977903.3189654702;1212662.7183738663
DI Yogyakarta;5496700.834243232;2668177.7281224336;719157.5533161742;2503781.3354750876;212663.37827126394;1031192.8704478095;1268379.3673849513;0.0;0.0;122.44075822334241;643542.4327142804;134701.2468783095;5353899.178640189;375045.63358390157;2007713.4376865856;679938.4121579798;620755.4347912957;425148.8377905994;259580.2106731257;221500.3120890667;739729.2800304152;0.0;560907.240009693;533983.0767005327;85017.04363658362;1105618.8219661315;935557.3345165146;75315.11098502952;7202.80515397064;208280.6839329873;9863379.99357881;2283885.849041395;8885100.52633289;327944.71169679426;4287300.875584726;0.0;572.1905415715914;7532344.060668613;1907528.6014582498;3312657.7943097805;8750419.031559903;8778409.943192717;3560443.279097325;370838.98409794876;609269.5491458508;134203.7099706943;5672460.3154600905;3022763.156798078;3613760.1867023297;10981183.833956352;3523122.7679014904;4011293.6607978027
DKI Jakarta;13827.690419933546;1043005.9160923447;0.0;198643.31118337586;70355.56572043129;0.0;2795126.7722323993;7483942.185920248;0.0;0.0;0.0;3293653.097900366;18635033.205903955;0.0;21292779.61547751;1008677.3328953389;622059.1515760956;5995652.257305517;30450775.236541;4967430.0597804;7050869.134350761;14520401.68606658;30626686.56431564;1829643.1432011733;133963300.3445239;1938196.2077032013;10509359.035944982;7249432.754421042;3557297.1396003026;3172948.652955305;254738681.77899578;60038500.53896932;273062019.0438693;1167722.106409953;58040276.11405;6007600.19851662;53675.57281103299;10890087.693034973;37950502.372118525;17558504.64259527;85660709.99202085;154047327.5550387;117878280.83943366;47230957.95405347;24054559.214609817;30432122.311560195;165562543.38398626;206691327.041958;107055101.47752249;57988312.39531519;28137539.250859044;93505258.22094955
Gorontalo;2636575.5995800546;694642.7060394215;1136120.6067306201;743832.0823660014;97738.13744276359;125365.19404740712;2175887.1740972446;0.0;0.0;57198.77702819181;605028.3247600944;0.0;762964.3736855235;131.434958060937;32378.21718872913;430.1704160222318;118213.45622339282;15275.824036413593;11746.629497071463;422.9074434961627;106454.59096610355;3962.4452295046026;22798.436588113043;1299.4086567666052;10204.797416806936;230912.69862976053;58566.77592310929;107371.12407496478;10862.343686918239;44608.0440111651;3311141.587732765;754523.0206495472;3272169.553609468;0.0;1314687.1779302617;72561.65637846412;50128.782973624315;601694.0986250262;113401.54128421185;186808.60929422258;841453.9015263428;668135.8759967535;988725.7811643003;251953.23807241046;242171.3598297913;3600.2743395046073;1313732.3375572606;498638.55523786397;2874217.27836729;1524013.1852721213;667253.589763297;532856.6323540034
Jambi;1815437.045290472;3607129.8074291;19003747.45204823;1814926.3683734233;380971.0982067645;7197427.560088452;2055746.8887352122;11216376.714356517;4135288.726610684;185062.2771794754;770558.2385610687;3775931.08488263;8472112.24022056;271.6765476432556;40266.38481732784;44598.52258406477;2432118.5559033225;2015025.4250209918;193634.78254014094;2284223.1115778578;566842.4978862928;356021.49224727316;141491.95232576;41050.310678696296;1440642.5068697575;216446.691844893;59582.03068562001;956630.1062415654;21229.303103880626;280605.81533103395;8002924.934316327;5460796.218660918;13440537.638822058;0.0;2980920.2024677773;695214.5336510823;227016.539696047;1581730.7868661296;569270.3234115824;538211.8411490958;2459504.115842521;5348154.751572452;3096494.967051304;371630.8996293883;462866.84438756126;19999.71665173534;4355514.651417164;2170512.8470258955;5557772.679375296;4665399.0162981795;1537652.9236442507;1898794.4561631759
Jawa Barat;44422824.37993075;32667303.856083985;11054494.724065099;19584280.825293325;2181714.0629346073;1791255.119418663;24821045.347598992;24613486.183642287;0.0;940944.7096668428;10442876.438663257;42738388.782025345;71290495.4560162;3418222.057673488;77378978.20475182;22710242.186321385;8445715.280862952;12699723.897951094;48570889.127554536;17082592.582245804;14462047.614388363;14107850.358684981;141203312.9414561;96567957.40499419;109024844.8774639;5183811.30009557;29239456.911375746;9278912.409061076;11160088.521566877;3864102.5304450206;134082089.1676232;51988916.222780675;225836279.43377745;812051.801119033;72568776.9550573;304648.98417700763;3506.030004371501;4210421.731166039;7974819.703201657;9718338.77698725;58341599.110470936;54569000.51269857;36281408.64983467;4075635.217095146;6586222.029964195;1911264.6467302914;94678831.05565399;33351833.148712568;30814247.153205805;65518772.51171876;21794925.570266854;43183726.69980941
Jawa Tengah;47698459.76509735;38198786.339110665;12994341.562709061;24789810.26780556;1970078.6276623071;5264998.774337363;11197628.991517194;4544153.578949691;0.0;0.0;17934868.295380183;59654404.15424575;74329864.450054;102927926.49217814;19232597.159359887;6077556.279219939;15265655.406570679;2823145.6396174137;19512364.38800655;4562562.529062095;9379366.399530413;3083701.5579284215;4332190.519218744;2564105.260342998;2010860.8025396925;4123859.112450887;6834785.571333283;6437340.917659404;30377.890159448903;1193570.8429776852;98293400.65537868;27106476.22074706;113319090.22317412;636588.5908685449;28635566.797342606;2045388.4615415926;116025.52802804005;6053747.171738504;2243969.043026042;5675198.6681291545;33967986.536271915;34620966.23743692;26675551.165145487;1788681.427741904;3224670.4931773893;470056.2156220145;34483664.024159305;7446304.288459625;30084212.898875695;45170984.63563062;15369560.319375062;22517330.793393463
Jawa Timur;57688315.86156076;38259070.09598192;26828284.235351846;48000869.43303513;2260735.2151747798;8774293.497358222;39493724.17002567;55911707.33466463;0.0;329648.9130081547;27089871.460590936;3085896.4806977375;133671768.36540413;153576763.04057515;8390555.928449064;7678006.951356539;26929374.787656296;23266509.40331724;65380012.98860402;19607439.92184251;22645887.398243677;14787386.865928942;23959168.725512348;1631289.4316627658;12185513.21416957;16269599.097177517;8913938.14095919;9443665.787482398;3567738.4832583168;1914756.4467399474;196365962.6812776;59945557.89656972;217832513.5192563;694742.4324243774;25286879.94671778;4909951.448789371;1155704.020346118;20105515.23178431;18703173.50416208;10336194.799170759;66495380.01290715;71655479.37209633;41568867.361259945;11810775.846361494;5381938.128543977;1484455.6276111216;76185915.07955879;33010402.42317563;40460825.987724856;50985188.21138194;21271238.272875782;46918947.87195669
Kalimantan Barat;2267285.757809089;2040476.4323635935;16853857.571122773;4022268.990235275;450022.20081542985;1727041.564602567;3525468.834143731;0.0;5412.970227326454;1924271.0209779348;1898061.4641948163;0.0;16177125.318748299;0.0;66448.12677753116;64925.29906327457;1575393.7196971483;44146.18343634557;59402.62440292737;950203.431186906;214583.38336108968;180617.93486259828;538399.1586549294;47579.77877300872;213035.08737414045;151975.28701188575;48009.6058327865;630440.7037744904;14401.835778854409;302304.54033129127;6798365.633769129;5999676.391656662;12936005.213134475;0.0;2887269.2938086265;297280.28981710714;726801.3775266;3389586.4536756743;801733.2471790971;861909.2488555366;3829857.3368751495;5232850.769675998;4354834.594516783;665910.8837500864;605172.9833168777;385445.629191706;6349511.730438165;1189805.8426432246;8387814.421051099;5363422.612119281;1644114.8144025928;2400683.7964987354
Kalimantan Selatan;6248831.175866908;792407.3470726346;6581595.626960199;3799598.0404500617;491622.6630062445;808044.4251728026;6149801.119750302;646837.7448931001;40655343.66194843;675757.143330875;987789.2203042147;0.0;10961564.07727243;0.0;83222.2062572628;1987.674151746996;2193466.635828866;73113.44791178613;377768.7836867077;1654802.4635090677;1911533.2813631746;0.0;104257.87937361599;14887.963670479692;160557.55116624947;206766.29334354098;183067.80789358894;691578.7421212061;21105.93518239723;338816.3681897254;10318563.158226952;2516972.7944399677;12918734.298060052;0.0;3307709.7093349854;1751710.3673439526;415617.9500961069;2158906.470812387;1128195.30473353;818427.0828691315;3221256.4314147984;5571708.7557330355;3801170.9250458214;696639.1316442318;543643.9440051074;93104.85714392911;5271282.276385205;4096191.267645744;7854345.724670779;5020915.7680694545;2168400.4663284225;2781511.27778085
Kalimantan Tengah;2006772.4733890034;767298.8904796956;18674300.598805033;1305475.949367703;529959.9768154261;3474144.4375441684;2889470.367284162;282377.71519228694;7046473.695154521;1899361.786671834;1128542.2435726994;0.0;17538624.601271883;0.0;36740.217786266665;37397.17243850906;605851.2197999274;59102.03640727974;755013.9358343539;733218.8121840253;219699.45429069095;71763.583822571;190865.24160671036;54215.37465738043;194603.15825088057;203418.49001252008;160825.1661407528;244636.48355407405;4164.293265253738;309598.22708890977;8374952.203550653;773341.6565525488;11152353.562581575;0.0;4756483.434823647;1394471.2106833109;1217228.400652406;1486094.239065252;838214.4926814068;392367.44394983025;2195656.475299856;2057990.7668019044;2143653.1421943964;467834.567218457;362441.55089614354;18860.655813434954;3866570.2739473614;831840.2423241031;5916574.366847563;4054515.060656813;901718.6816543475;1753277.7715603784
Kalimantan Timur;962553.6169748679;1666162.1633669415;18321637.067442924;3861988.711323295;274008.22868856025;7610390.430671645;6939145.996325328;52959647.65178099;143306632.09895465;372810.72754118673;17636059.587093446;65964199.34610222;7481143.560465542;0.0;55359.9970241561;37633.43008674459;2552516.7075077174;936200.3450462096;16406380.147487564;99797.69681323366;768445.443671312;0.0;582954.2273013578;245304.03813880926;1282732.160657697;451447.9701244915;1026661.1519609429;823188.1241762686;4464.46630807029;385337.2236559349;36535778.41514969;4261995.912702583;23596860.52711597;0.0;3207505.8453710005;2429445.0845878622;1186168.1522595806;6771574.261855266;6140747.274131819;1026549.9040202631;4899122.981707181;8054618.699485041;5768450.966189544;1267717.3086035873;1316096.1566675822;13768.1102938169;7823664.979580425;4273276.140206693;7892777.946456987;6488152.984601928;2605202.5410096543;3458922.3515752004
Kalimantan Utara;249304.46818091805;917310.7790134388;1931240.2891030284;100948.53913113094;39351.45876513271;3201190.91802797;5507763.288891149;1475376.729032022;10390480.759216838;743457.0296532058;1397637.2917893357;0.0;5074615.308102734;0.0;3606.1049157403354;121860.7451600435;2007472.1525592457;40491.622561213226;3706.0095649116415;2075.2161209882934;142921.22203881506;0.0;81069.76922232633;17036.2104166262;2193175.19684386;479055.4891684295;46583.95441736431;152165.37864528244;6875.702211906023;27545.136529649695;6673794.070188837;507467.4336405372;5793318.800545297;0.0;580970.1907583947;1699111.7207196518;214210.28261186625;994645.9711264555;635606.6389422166;262292.7624298954;806795.1193052641;1511405.792236146;728036.8906729803;103218.6817944139;220014.63744620426;42800.69652412342;1047041.3670707844;765045.3889443758;2988277.7269627578;878470.4991381385;421231.0880219319;898599.2740409297
Kep. Bangka Belitung;221430.86530131949;969564.387959163;6692214.498152079;696079.9984042166;139759.47560629537;245389.36287848983;4594319.191006716;488732.2299236742;0.0;5702946.172769076;2193916.9297581445;0.0;4150328.9582984443;0.0;36316.51072960519;0.0;273959.45797705726;50820.12803617833;29403.980738565195;363231.22553112824;806555.0047398661;6889180.609905917;140061.59095031067;0.0;118042.91631423695;57686.17346208038;29602.98120807026;228573.03610430745;8982.968646835649;42799.91229027331;5913002.393188644;1544709.761108713;7231147.082442476;0.0;1058707.5118527308;537559.6671824983;34638.05186349788;1384612.9870101698;376357.32991617627;110819.63400779405;1575645.8656217498;951734.2273934644;1069867.4756738527;150890.41811406647;185763.24209176985;1993.3788005654758;2065098.1530074796;333298.2620239794;3000124.1405389546;1379803.8222969999;782668.6687253345;583425.6483388555
Kep. Riau;43071.21338965408;737976.8677034873;975215.3915890479;1404157.8060507653;50008.01491224575;18833.05178562592;5703512.025095935;12601518.29567545;0.0;875987.630909141;1236789.6377709294;1174086.9637569934;7985178.63067483;656098.2784082097;1525302.0567301672;550842.1466414706;126045.61159436182;745443.2821232022;6724789.07437985;1602166.697843889;728836.9937061263;4620335.077538056;24496049.03118338;5896238.7373798285;7973366.353714085;350203.73922534136;3978841.18395588;831845.8295539133;2092067.3029205776;430148.0527106595;36555893.79255215;4526517.685967582;15619650.512001956;0.0;1251489.0141520353;2075157.1126848042;127999.79373949497;6488871.535432608;763543.4345697854;3503397.1724483627;5811628.276142376;4529309.688458364;3278669.042993087;1422944.9341751928;201259.05221674542;585948.6273511163;6245242.172400945;2573947.0455161827;4502141.430932414;2378384.4680293;1067454.260608279;3081811.3681934546
Lampung;16491523.567620825;13915643.377260223;20065854.48500164;9216412.12371907;1012529.5868136368;1714458.8307341766;10615339.51686143;7699314.901598731;0.0;247406.17898787878;5656793.614525639;366513.7581775027;23763634.48104248;70831.11251198509;80166.58710240843;253884.36222372705;2039111.5170993488;263941.37681508175;2140229.2867831206;3103477.4916627165;3086555.090616713;1134428.0714761282;1279988.308313216;986801.1562405407;2603789.6941956356;553816.3318636313;361770.75327625964;1065854.1270073417;284079.6252107699;313614.22492580116;25451214.49648341;6228288.605573729;25844459.246073674;240594.33303926658;9913991.974847957;1595968.9834721915;1332522.6720597667;1788916.2611790556;1078016.5892194964;296160.54137693346;5599683.120486547;9878123.545330865;5092185.006976187;666150.509921362;586938.5134902797;46196.91610566594;9296571.565680891;1733181.5561213756;9346451.212918648;8274285.7671211595;3191890.618728048;4749192.508017318
Maluku;1110766.6040842845;1292368.7175835143;1894004.2111509775;92778.47865109629;67055.05149975243;343038.5876084783;8081807.315163853;719528.2877630722;0.0;1269443.1910640511;18217.909522292215;0.0;1004062.1634308631;0.0;3968.428909154033;0.0;209109.42297798517;10538.307746056347;1941.490602566873;9839.800449718981;69716.65791985983;174.18611188222502;37666.10398482069;8722.722897046226;237827.46903539725;177749.64176816307;90738.94375423565;220234.7903435142;10365.853111322587;64347.87551590635;2712424.535994278;1861755.3856281661;2592619.9129241076;0.0;594034.5484795865;570241.4899289468;483211.3831649695;1482259.603421732;312996.9119706297;409515.6871782312;737330.5492574412;1666254.317471442;1105627.5853979564;152011.9434357634;105180.3547717828;5027.536563241825;2078566.022617719;327619.6613811348;5499578.71994435;2906459.246097105;605482.1808395133;1086611.6907317454
Maluku Utara;394291.40632500604;422156.19279186067;3679038.3451235825;228359.15096355346;103425.26077264782;259194.08152263294;2963678.8212707327;0.0;0.0;2668964.561861726;157137.24405574164;0.0;597456.7411014654;0.0;22041.395992550802;0.0;402452.01288346684;13335.815602596133;448.7604651220281;122.53030666730922;37890.262638440676;146766.62842437427;38893.6200617398;9320.240823286744;78896.96410016203;108675.13678529821;11156.722319377795;61974.611668039804;4228.560289688576;131370.91731982236;2277628.2246153983;151769.51767794715;3744448.114333367;0.0;966727.4106714273;494146.807627308;328982.3095320505;1005335.5281386811;158336.73165276897;142957.34344563071;311077.1941376365;1188746.3673244612;880964.0555937754;65539.24028747583;215955.03604750815;1643.488388462388;1364724.5730316658;198663.86526679358;3574652.946706903;1816060.7735301931;536734.8442891489;865522.9673587683
Nusa Tenggara Barat;9078556.555862185;7329254.1629347745;1691855.6025316417;2695619.0600734623;389504.87885415775;293201.34561037715;5565318.550215915;0.0;0.0;16699371.966605447;4000950.8641687646;0.0;2767150.7630877867;530899.2495773357;586817.6208927677;6135.18841741211;750617.4275003306;87487.18487591732;32379.433076554513;4761.869909138739;693443.390351869;142049.5565514413;171746.62687806276;14275.450712998796;80758.19981666656;438828.4686261376;175264.96208477824;455235.2941285259;2850.3304609578504;190456.66326312718;11394175.347821556;3118952.518775407;9339830.232736645;0.0;3853271.015320153;1106526.2502519274;482554.31280287413;2525034.5688250973;843246.7068908771;1629023.5173460972;2570302.673244493;2218254.54333621;3058828.6764928894;255499.89346149363;612012.4604460632;4594.431380470985;6107352.537314099;1508644.7039485576;5800931.203028923;6143050.618422414;1734841.2034015302;2124170.999166242
Nusa Tenggara Timur;5109028.236392262;2243345.3748903056;2358278.298447472;3870484.4816463846;292322.68243797193;22425.422415703895;7261196.926158336;20838.279699224764;0.0;4629.991705205692;1137238.3293306218;0.0;2449175.8848547544;4890.811305716226;332765.09153144865;2023.3881692676086;234623.37690601597;31821.177363468243;4062.5686612408826;112.70808072421183;213570.65905756035;0.0;67530.49631919054;0.0;15133.653178650655;352986.16425124614;121044.20930579896;240275.7333234456;5144.730195913355;88288.41225777195;8019324.815975139;2203168.3549097376;7427178.172515654;0.0;2836677.855418073;346817.2376873364;336221.8713704371;2624626.504844243;487170.5781318612;471496.15566759254;1198240.8463504084;4246851.833222548;2892795.081509266;102265.7372557773;486979.92352856626;13919.759235914273;4934622.804303801;447605.66976357915;9340850.772362582;7341826.798232833;1788381.7096151023;2599566.7557742083
Papua;3723271.4521032586;1201722.3670833823;2083113.646919313;2467744.3952748715;148432.30819505226;1514925.7056391386;6441562.356630091;0.0;0.0;37552187.40534397;2626113.215341678;0.0;1153324.4451808063;0.0;93291.24303797197;4708.539994810776;999292.7670128156;63196.02102807642;2831.640786279091;2887.550380042127;54258.553751379484;0.0;11911.077856449201;0.0;30461.23039519081;390758.2703224641;94548.43595388303;259721.23086127968;3754.4872309033;106157.15844579418;17588755.0727339;2216173.042305711;11874484.329060176;0.0;4497381.455535644;1107069.7399759488;307002.11104476394;4864903.977877921;1725546.9462913326;834558.3014915131;591607.8570104055;4958502.007851386;2409831.3806110164;270888.27035163797;342487.834341035;4247.412661868993;6224853.149625064;1968670.9306575041;14775106.184411857;4094046.5345734316;1838407.9133637596;2839379.4995557675
Papua Barat;260229.8229753579;315216.1785012526;1177446.1898977265;515562.6333402638;30548.009289325408;1064061.8632687018;3126753.1318529607;15423817.040222002;0.0;1325.1191653255848;839234.7315341652;12911207.202753615;1019496.0136973851;0.0;4005.6318457896077;25653.473876823024;681270.8310234637;24368.17605376615;2097.6178471919234;1322.8033897968012;74836.58880682394;0.0;24940.38201057186;0.0;25379.94261596772;79050.70514670061;88876.85008536004;232453.0567544354;2975.6226486197547;130602.9722745553;7086501.390796295;620988.4250920628;4362426.881846044;0.0;1092105.1660023013;333123.12615030387;36417.30782665172;1766957.9113971568;186794.52246557802;275124.0379013538;633491.7330769779;1426350.6835413752;1031852.431353497;132366.73687601998;117153.14235837372;14915.357021820453;1923318.4138770315;657080.2358390221;5323353.985196669;1629207.238164564;567062.2663389774;563141.5706665303
Riau;1450291.1239398953;3058876.1100034965;76591783.40025935;3001222.2172495266;1200283.1625107308;28011350.582617085;5985293.913626403;56475348.44409161;294276.5890477321;33209.676966588544;17327515.383657105;46124911.57330059;89660231.31456318;130.99176869765265;371033.639469195;131201.12818821185;678214.8424303734;22071021.793195266;11281214.679260021;1492034.0980856614;792490.6966556722;131108.3285991006;414350.17881143314;4800.817745074511;140283.38394155126;762225.5351897405;471788.39998794504;1118186.170620141;348478.90640414174;240979.4889616415;45776159.12241724;8210324.511858157;56731720.78549717;0.0;4209930.301230384;1188995.655349283;348768.63976464333;2558272.567988657;1479761.7247703292;2596429.215329424;2942227.4608066934;12248323.110814152;5735597.141449728;1346047.692596438;562428.8675169415;176223.63409289607;10968652.156187039;6043722.7086742;9397751.880781898;9017460.45672045;5320870.953714814;7405056.461936712
Sulawesi Barat;1472891.2936654394;887509.920005842;5812179.577706002;1033940.4090321708;106422.5952712515;285211.88891596143;4256607.888467953;0.0;0.0;0.0;923573.3947773806;0.0;1753422.9512571523;0.0;32903.65504683267;9.34357174634859;12743.962813073258;4667.446516798521;2912.1569079196906;335.8785507794573;120079.74588823713;0.0;101444.61579442621;0.0;2914.5039168360727;5386.620860081977;61767.869559389226;21282.804768362133;12674.016111183366;329721.1614548984;1773275.164868347;519062.1838414938;3353710.309101782;0.0;719791.7775849925;79541.55054745212;44291.75109360779;126620.87432245465;44337.90688205021;78870.90209807041;283287.1827305443;1183460.6860837543;713194.5526902048;143258.28496289076;137652.83724088533;919.6615271044963;1048019.4170507569;192172.93197866605;2627361.4120290363;1345474.3612549668;402993.8804864827;538756.52123429
Sulawesi Selatan;23473662.08102494;6495683.491365675;10738172.944657331;7718915.171768352;1300668.0282140693;467312.0708984708;25305552.609146688;1019976.3674716186;36762.84847976851;1022627.964634406;8468823.752753489;0.0;28478188.15182645;52877.73742310734;1999389.3696333948;21216.122155462006;921148.8601383398;316865.48284595786;181093.37005268296;102729.45984300254;21530762.500426445;2100812.811136784;717167.2401612066;932893.99224964;119447.90068936076;868616.6473877116;1399911.6586647034;1040317.7092460245;104351.03378709589;544925.0931216105;45907259.55349293;12746776.399691146;41380320.56238259;0.0;8815838.692012599;1984725.5371436183;419943.63088245754;9455533.025051313;5907610.78854378;1499828.0618193287;8339935.901749025;13352366.798472902;10908295.266187564;1693181.888837716;1711282.2880646582;479277.99789669673;14192630.739673387;4227572.331115963;14205916.31164814;16985149.446877927;5308701.493902799;7013579.002821449
Sulawesi Tengah;3432254.8887305004;1274973.8624464802;10252985.438824922;1782057.7275056478;224288.9540523586;3840216.5683264593;8492729.66922147;5494662.63517743;0.0;5481358.552403296;4924939.61793771;3883882.3713284177;2582402.6913440917;8365.300809991659;184772.80391947125;35011.56343053436;1274541.2341693752;27282.84528041989;56035.199038560866;17039.9139334819;2571335.2108881576;4919159.361404149;210015.05195139;0.0;41447.44283786823;314105.2841174262;49425.75231264564;307722.01623065636;27899.736411314643;280312.9950619623;11381790.298516737;2537805.708837414;9039145.730923483;0.0;1743925.0321375276;224519.39746337058;72023.86287484226;1757821.5021188008;274008.9880594333;339316.7905081014;1605384.5571191092;3115044.835922367;2561224.0263022087;418060.7538974797;263596.633187438;32263.052893067375;3090767.4108050014;486694.90441511926;6220722.767006351;3869787.7752998364;1346883.5567747308;1646644.1663144834
Sulawesi Tenggara;2468313.052541635;1753366.9939741767;1978398.4718171211;638262.247494493;129144.3461175837;242345.23687236008;10349921.0349749;0.0;0.0;3163594.4154870855;5459628.418549439;0.0;2984740.0994279995;17.738713045648275;224316.81263014217;36918.66569924079;537350.6478443665;17812.031140715364;12879.8454341965;8770.320574056115;339099.95559596986;630523.5666258094;837536.6754508357;178420.05302621858;1642021.0896554587;269835.8858884069;28307.686863498133;256211.6179608278;42662.318907135224;375995.3978729424;12477219.442122841;2530110.0116267093;9317730.304295776;0.0;2473691.2314960347;1032523.8699802113;311096.8993783184;1778737.0502353008;321579.6344855697;349566.5498112876;983452.9159399101;2722821.5406740448;1981462.842946361;285531.2046300653;329019.5200808668;283488.05746493384;2816472.101978066;669966.1338757906;6618639.970116684;3093085.919339011;1169785.959259462;1365706.3798309767
Sulawesi Utara;2868675.6380141773;3254633.287837801;5209086.419586744;2304309.349543004;196531.94326870664;540608.6747588232;8396956.379520118;285040.8719131973;0.0;2229466.8281967826;3570344.660738104;0.0;8026656.698248176;0.0;127907.9724761375;6424.810591134228;153513.82739526866;255817.87694471993;223274.54910036948;22246.911476979203;358392.6820702233;122778.52761521537;363917.04389733623;144438.3105076816;233949.70763401414;293220.8713274071;170660.43225654628;462265.1869079462;21502.876910753497;163535.33687840353;12366732.99571375;4276939.067768226;8382528.750241354;0.0;7800759.509517116;1747975.0526009738;309600.03112619475;2942351.2693328634;712356.0702062655;1487845.0874052267;1809161.179920359;3955420.503025468;2978986.027967707;450567.31101092405;997943.1745438571;39628.42430093182;2558991.4025422074;1046525.3396439226;6041430.986929811;4781606.98385532;1802630.3439467791;2766956.4468956334
Sumatera Barat;6534065.873511434;8591725.950996682;13408164.501437975;4360842.290168473;574401.9800553223;2508524.07420657;6733395.870261531;0.0;57667.954550890216;106926.71815293253;6881286.191500807;14793.888238358513;10157115.683336943;36215.555901611995;847632.754018902;11717.55756686264;681930.8171150291;87749.8127842314;33453.44173427062;2168923.317064404;3740315.3282692293;0.0;125915.07818105046;0.0;5949.449815097294;424741.05164451676;82077.10118353626;597499.7281689877;1183.7252606154289;326691.7563107378;17795323.381364148;5274775.507119617;19140806.802220963;36155.95668614026;12599853.816394122;717614.944456807;401605.3185289638;3586707.1635623146;2422918.489693519;1377982.1970639485;5783190.6334696505;9201380.926184727;4014754.762187149;497189.48690740834;1134771.3670953372;131902.96031270467;5635848.29687209;1798887.7359256002;8155580.179651599;9528925.749201594;2661709.096599579;3946129.8673396707
Sumatera Selatan;11223936.850730408;3011101.800049884;29291740.088015206;4234317.882841471;1017302.8014488805;8570504.113968063;12974336.408505559;37206544.35869537;18252393.154008813;0.0;20569982.69059133;30450555.774556212;17031619.466515243;27641.937551241885;458138.69687505526;166286.2914618142;584242.3763159283;1606843.0458175426;9682486.643813603;4819168.957676389;6106332.35670915;162805.3920013775;2220784.0201040716;363699.6050341155;115616.29253969132;285079.0350227539;669692.6548838763;1785204.7610287997;471885.05172189896;388051.672637952;41526832.96452425;8912642.042143041;34122720.76813025;325476.6638375521;5467537.546950383;364945.65036687563;260531.72398100435;3751264.909762684;1113377.7525794804;1498336.2799622978;5682799.141414714;9909235.778363284;6108786.5834162375;1699293.0026935022;847660.2459920666;54557.498509840916;13029038.313833257;1821161.2241848996;10967571.862621393;9667440.172972199;3496669.8197711664;10046453.148681479
Sumatera Utara;10049904.951068677;15424222.025584698;34822581.812762424;17381024.8005361;1210437.1984102784;4967631.676261548;16890496.138268083;338096.9537049539;0.0;2770032.0100236554;5278197.226440468;24907.717376289755;75686456.17434211;16286806.749456415;1947187.5446617005;1206962.451666041;2063463.2396339234;3695231.1917652767;2847275.3611229835;6700315.138049875;2799180.6183132543;9477445.151299879;3201141.87954331;3410846.9799887445;4599905.60644258;1042535.4915287392;2000445.5274421931;3017643.7160065807;420009.8075890069;691463.0051796064;56400816.576254204;10535121.747919312;72811590.22936799;207183.47892794712;15761899.7994661;2168401.4290217157;225558.35656957413;8285522.675813659;8933864.18433672;2610819.429384037;12668727.976562353;11801671.188918125;14617760.644205026;1774265.987695787;2707761.7817250434;467116.5843049763;17279328.08757279;9568767.231873045;17164955.027302258;25771918.71159975;6795991.466022379;10177726.295795606
